annual_mean_temp_c,annual_total_precip_mm,NDVI,NDSI,PET_mean,soil_moisture_mean,lc_cropland_pct,lc_grassland_pct,lc_barren_pct,farm_income_usd,agri_employment_share,crop_water_intensity_m3_per_usd,population_rural_thousand,rural_share,ag_production_share,grain_production_kt,water_governance_index,water_tariff_index,wua_coverage,sdg_642_water_stress_pct,water_use_efficiency_usd_m3,uz_env_code_2021,country_code,country,province,year
-0.010160274986794542,-0.003982585784456761,0.0008563107001432923,0.00106427570839442,-0.004103473368246533,0.0007020862739705922,-0.010847746406795125,-0.013324253279054132,-0.00046671330175346445,-0.006321397817435388,-0.009072359261219005,-0.023937106137686934,-0.017705772295806742,-0.0014836539440823374,-0.00096596494146465,-0.011468982089048656,-0.03309127517859241,-0.009378807141070903,-0.03131038628030372,-0.014846535763772675,-0.0028420607454663896,0.00047630777698256556,-0.006785451628128292,Kyrgyzstan,Batken,2016
-0.010533982592991601,-0.0051217394712869445,5.203004459948746e-05,-0.0003036722303180688,-0.0038084203875275776,0.0006307290895600598,-0.010343740208568016,-0.013549808796041604,-0.00047063088905011953,-0.007698702835893622,-0.021108179183523344,-0.02444273190823992,-0.018174422867162497,-0.0014280934927971608,-0.001013361932406726,-0.01171926726416746,-0.03638849275259346,-0.010130523156078469,-0.031039851479598667,-0.014489601657569552,-0.0029641073480295038,0.0006073412179657786,-0.006715741822545407,Kyrgyzstan,Batken,2017
-0.011780581245068715,-0.0050468472657229455,0.0002055055873840302,-0.0009354257706841222,-0.003911490389633936,-0.00037207468151990764,-0.010419385082718415,-0.013777407679527471,-0.00047987144716728203,-0.007906707859911787,-0.021474545737884442,-0.025247498405996563,-0.018454136031950966,-0.0014660872903665843,-0.0011151058713898653,-0.012031448963103068,-0.03857086267598747,-0.010798429913520487,-0.03171619011079038,-0.014736762159476544,-0.0034688556947783415,0.0006079454772679202,-0.006897059900354749,Kyrgyzstan,Batken,2018
-0.01232126148901159,-0.005403489884776409,-0.001193349773612322,-0.001466615363775407,-0.003914645696184814,-0.0003233219434404413,-0.010670694333404493,-0.013572340077093611,-0.00044484818669593645,-0.006742910411128487,-0.02174727774678198,-0.02534606705483733,-0.018329795971268614,-0.0015099466275342616,-0.0010820474429045542,-0.012294049002078098,-0.03831785485695692,-0.011608186735925861,-0.03150006910064607,-0.014371111877722626,-0.002703857548685476,0.0006331581597617272,-0.006782714948565097,Kyrgyzstan,Batken,2019
-0.010235309109489724,0.003160504405414229,-0.0014386913106729789,-0.0011157678544803057,-0.0036840579829379144,-0.0002628340309153802,-0.009968274060446872,-0.012800035733241167,-0.0004332815014374959,-0.006924572062726934,-0.020861887512456566,-0.0225734358187853,-0.016291419658675678,-0.0014373045692273368,-0.0011226692089860066,-0.011203158679621184,-0.03537816108925815,-0.007851761522997837,-0.02678654541871128,-0.014009064712979755,-0.0025738519707560648,0.0006323225272960987,-0.006066318921663085,Kyrgyzstan,Batken,2020
-0.00795222901818004,0.004114216925029968,-0.0002019889784656204,-0.0009689433588153453,-0.0036157551688087556,0.0008259755435263777,-0.0093459203633155,-0.011464074299916527,-0.00035850394114203847,-0.006039761630897718,-0.01999801040380191,-0.013087313792434519,-0.013973369081820185,-0.0012597470661019079,-0.0010270354673659668,-0.009616769564929219,-0.025525194315535273,0.0018951359117770391,-0.025448808423949344,-0.012513910858355294,-0.0017045131934984345,0.00053177597694475,-0.005522236944712873,Kyrgyzstan,Batken,2021
-0.007830911082009758,0.0040681682378835215,-2.9477663445214276e-05,-0.0003131897346413283,-0.0027261354017517796,2.0617984669941625e-05,-0.009199643342369395,-0.01109476242352734,-0.00032840680730718497,-0.0036028018577031968,-0.01849522949564814,-0.012037420789991675,-0.013437218912483872,-0.0011790655029422004,-0.001018507102725504,-0.009090837352850867,-0.024106777914243833,0.0020224087812918206,-0.024443060621134605,-0.012200681432479172,0.004041760352944299,0.000547524333613203,-0.005228435494293327,Kyrgyzstan,Batken,2022
-0.008512619173866164,0.004118128630863802,7.979554208907146e-05,-3.836248810419596e-05,-0.002937697577659768,0.000727430851277556,-0.009161765163519141,-0.011078917277621867,-0.00035804309881848974,-0.003401292125505174,-0.018791782782534534,-0.011853516753603827,-0.013097736397727404,-0.0012022027867258141,-0.0009956966801025853,-0.009470840744760695,-0.023718755832587982,0.0025005158108399356,-0.024440932567493093,-0.01231043346540011,0.0038905896453071756,0.0005431657428779854,-0.005360239827754129,Kyrgyzstan,Batken,2023
-0.0065909670215113765,0.002849368362659026,2.910139559006278e-05,0.00030179641183281666,-0.002300769552191176,0.0007942813365777785,-0.008943467522694804,-0.010604997184127985,-0.00040335834752931255,-0.002813111286091331,-0.01836926035558824,-0.011876168938940744,-0.012901875740612514,-0.0011614277681165671,-0.0009442470441886957,-0.009361506443802885,-0.02328082562313492,0.0012444900375559373,-0.024564379210844527,-0.012192508789361773,0.004313746098867426,0.0005476377236611472,-0.005041641040375296,Kyrgyzstan,Batken,2024
-0.0097647623612199,-0.004297022095600352,-0.0012461886447062312,0.0003965473950309065,-0.003863939729135744,-0.0009118237435473404,-0.010107479852539122,-0.0119319119220004,-0.0010086211168424996,-0.0007811716969738288,-0.00933653657807612,-0.02318606335823386,-0.016591831429712222,-0.0011224920075971975,0.000505566926414926,-0.01182079017733668,-0.031967748027538226,-0.009138898119078111,-0.030917745660925557,-0.014110083727607593,-0.002345386479642229,0.0005472774506748002,-0.006597595447486507,Kyrgyzstan,Jalal-Abad,2016
-0.01018427380204576,-0.0051775411838747626,-0.0015316600738537354,0.00011132287896082581,-0.003050805322201327,-0.0009381579965914203,-0.00941657348291332,-0.012173019707777667,-0.0010246781534684391,-0.004774711387607012,-0.020246488817136463,-0.023497357983326684,-0.01691425883103953,-0.0010756116811592533,0.000550502500399349,-0.012568311525306923,-0.035156874809598906,-0.010044046499795447,-0.030229569883289932,-0.013778405517582241,-0.002561695403222868,0.0006546275635114022,-0.006393906752566249,Kyrgyzstan,Jalal-Abad,2017
-0.011190498250005062,-0.005092214346960219,0.00045122515115870104,0.0008470696489334842,-0.0030812155703488007,-0.0009627178093320422,-0.00935726828996595,-0.01236279368911452,-0.0009365917348572428,-0.007106946664054954,-0.02072396236752277,-0.024186410745996215,-0.016896342944641367,-0.0010312743266843436,5.1925940560770275e-05,-0.01244623687326983,-0.03764759435112915,-0.010744631324514678,-0.03104741737324979,-0.013847230601020413,-0.0031198385017820103,0.000639984474283043,-0.006758913704613414,Kyrgyzstan,Jalal-Abad,2018
-0.012040900403080462,-0.0056109638027470755,-0.001176551283353944,-0.0012696277923552259,-0.002951266839515569,-0.0010476199735971175,-0.009612897998365053,-0.012322922445553632,-0.0009165070673766448,-0.007806080603828357,-0.02121546523658617,-0.024509148938259378,-0.016503368887369918,-0.0010717475224268865,-4.39781422713849e-06,-0.011633773637618356,-0.03824732561672325,-0.011322955410955647,-0.030770968809354395,-0.013665821137893299,-0.002383320209620872,0.000641517765983612,-0.006731037485214754,Kyrgyzstan,Jalal-Abad,2019
-0.009624596977029762,0.0031768390554584537,-0.0011105085637601257,-0.0010353389106731305,-0.002607030384405294,-0.0008984292739718084,-0.009056147622536814,-0.011584614444310606,-0.0009361696533095138,-0.006602902395313313,-0.020071561251463095,-0.02161946950806037,-0.013485387958769685,-0.0009503605290214908,5.179721153929405e-05,-0.011718058084158954,-0.03419118658114533,-0.007403955947862448,-0.026026483460440935,-0.013016655952702346,-0.0019467878288321938,0.0006422094496542837,-0.006073148110522203,Kyrgyzstan,Jalal-Abad,2020
-0.007431497480005023,0.00382097333094386,-0.0013714790247677101,-0.0009966910245056287,-0.0027919000232698742,-4.695329384519394e-05,-0.008699679892857567,-0.010736901746410683,-0.0010242583585870085,-0.003924672402749737,-0.019132842371816103,-0.012943139849952236,-0.011632952994626569,-0.00042478847508782927,0.001263709641264476,-0.00906423646871919,-0.02459634124577373,0.0015692045971568453,-0.024213915689679445,-0.011753207572219175,-0.0008926442336482899,0.0005507826428937674,-0.005167582197019556,Kyrgyzstan,Jalal-Abad,2021
-0.007178596639994788,0.004093385932856019,-0.0003118903802071234,-0.00032028950357307443,-0.0020640405405379625,-0.000819768677950788,-0.008455927192363806,-0.01028098267717047,-0.000960550755913791,-0.006067271732710407,-0.018337403251845463,-0.012221664903580861,-0.009777576281462103,-0.0004278375618413585,0.00029271942926288326,-0.009341637225604363,-0.02426347595059654,0.0017951226714912692,-0.02398914876895637,-0.011335323941762055,0.004021297811132632,0.0006008752954341721,-0.005348428844029025,Kyrgyzstan,Jalal-Abad,2022
-0.008310954542164973,0.004138587631508431,-0.00014514909414312463,6.793775660212932e-05,-0.0025231700587047398,-0.0005737564047782968,-0.008441100808760853,-0.00996408890520448,-0.0009644053884315477,-0.005416860620444098,-0.018229424175523663,-0.01186894320515976,-0.008399884843161369,-0.0004246155608557976,0.0002499413933206363,-0.008775682551099591,-0.023694678400370157,0.0019013198919823392,-0.023948525818159417,-0.01131561255273763,0.004076102391495413,0.0006076136173988324,-0.00527589104661579,Kyrgyzstan,Jalal-Abad,2023
-0.006124821616924708,0.002550575406578295,-0.00016699098441962305,0.000640694019838803,-0.0014075428500150923,-0.00044486567137993474,-0.008145587593120862,-0.009398420313993627,-0.0008999706882947158,-0.0031692562737685526,-0.017506467536103725,-0.012085665834731649,-0.006886955279192319,-0.000310956257975842,0.00092435757979869,-0.004940497856446033,-0.02247018870277439,0.00031119824385060973,-0.023656399259529646,-0.01080451623969107,0.004003642046493322,0.0006076136173988324,-0.0048430701530969705,Kyrgyzstan,Jalal-Abad,2024
-0.009427540375969367,-0.0038263542248535443,0.0009014834958977997,0.0012958485361223209,-0.0021573998097834863,7.325543801512432e-05,-0.005116392846821531,-0.011668403003063498,-0.0011059650120939356,-0.004143819835255397,-0.008792223668252695,-0.02178375175642801,-0.013419163627675779,-0.0008363381304456859,2.8014709946667935e-05,-0.003949668814776571,-0.030775538457680555,-0.008551329586095746,-0.029688112574950153,-0.013310199175835797,-0.0022490622666322987,0.0005216648717554499,-0.006524039549453477,Kyrgyzstan,Osh,2016
-0.009496670690961266,-0.0048912499221487205,0.000965071684002313,0.0013516454081742679,-0.0010347900997524334,-7.306381329650176e-06,-0.004788654618623842,-0.011632773319340716,-0.0009841221895079313,-0.006503754972372205,-0.019900906312261896,-0.022321384909658574,-0.013191703409135934,-0.0007838599785587091,0.0005169292454703374,-0.007806147272048724,-0.034186363777582045,-0.009343206777265396,-0.029330160108896365,-0.012974030046925905,-0.002151712172127566,0.0006425319922624466,-0.0063094638883859164,Kyrgyzstan,Osh,2017
-0.010588096730142296,-0.0050081285361653315,0.0009133500440590032,0.00151150625403777,-0.0009604198948710935,-0.00013116772056494431,-0.004702432285624004,-0.01187573591010839,-0.0009826206514177791,-0.007346900822969532,-0.020267681542647454,-0.02288665484186194,-0.011822126252840313,-0.0008931834892972391,0.0005522476120459285,-0.00855231840352172,-0.03611176101791922,-0.009960644063879897,-0.029624171342132324,-0.013093761911595309,-0.002627484543025737,0.0006467001260188891,-0.00648447108865362,Kyrgyzstan,Osh,2018
-0.011121687019797056,-0.00544043431279223,-0.00160180544411738,-0.0012096235161815259,-0.0010316433204630995,-0.0003731873172560423,-0.005000753480627421,-0.011797277610452316,-0.000996935993544178,-0.007617366809270145,-0.0209698861484163,-0.023615038223136337,-0.010485388686412682,-0.0009423518198927864,-8.764220468750718e-06,-0.009069780966925732,-0.036956342023838226,-0.010931546895886554,-0.03006517763981905,-0.012993659954598915,-0.0023432295539296062,0.0006561877589327666,-0.006466625742421265,Kyrgyzstan,Osh,2019
-0.008900126180821685,0.002731618961069796,-0.001310649119525787,-0.0010575677381203462,-0.0012857410534655807,-0.000256207850398305,-0.004585281991173982,-0.011124624081864716,-0.0010208866842816937,-0.006433923854901932,-0.019547771413822544,-0.020070272489963525,-0.005889432153923094,-0.0008619801489000568,0.0013862581705744992,-0.004564665936029535,-0.03291686876780207,-0.00696666894067713,-0.02511074611814631,-0.012320446128069066,-0.0018011199696576494,0.0006596852086274197,-0.005671188037206255,Kyrgyzstan,Osh,2020
-0.007007196494355082,0.0032675410646576006,-7.952818897587522e-05,0.00025560583717761353,-0.0013942802184944403,-0.000396753830396539,-0.004605512183508549,-0.00976583814779343,-0.0010911450947277805,-0.005964836539003295,-0.0183665927344064,-0.012651947447120117,-0.0008539254571691984,-0.00024527760854973514,0.0012086192169969965,-0.005122074569398713,-0.023938378701932637,0.0008241179435134217,-0.02394420409656677,-0.011289828265135696,-0.001019500066201655,0.0006683093012377317,-0.005068030122561328,Kyrgyzstan,Osh,2021
-0.006900744198512622,0.003063046720114906,0.0006809082799834729,0.0007189215227868626,-0.0013055807584217115,-0.00036637231849936274,-0.004055037795946728,-0.009479311611456535,-0.0011053439952901898,-0.004927496988107512,-0.017291751466741542,-0.012241462861585853,-0.0005128727635814372,-0.0001879516528210427,0.0009220124224607607,-0.00128834370434183,-0.022692257625363248,0.0009368878822493171,-0.02297725740040177,-0.010807782208927566,0.004018312018498659,0.0007288712179036346,-0.004813265488286318,Kyrgyzstan,Osh,2022
-0.007306538891198203,0.003063593572381482,0.0007039735900113268,0.000976709299374292,-0.0010294561480042954,-7.730522669125699e-05,-0.004012123059547052,-0.009313564001975711,-0.0011438318234203353,-0.00343175202728974,-0.01724131434371618,-0.011951339139415705,-0.0009265334551845718,-0.0001974969796350281,0.000923046188590708,-0.00022990074210469863,-0.02210786342358603,0.0010311641476411163,-0.022962355969449757,-0.010858050241928072,0.004087628197053042,0.0007282335438072754,-0.004821907313804838,Kyrgyzstan,Osh,2023
-0.0057590003690823205,0.002152880288906813,0.0005640895845072903,0.001037948165149132,-0.001391775853679566,-2.9198297403550125e-05,-0.003873742656385287,-0.009060752319329565,-0.0010962005117655963,-0.0027107957089903267,-0.01716710313413425,-0.011881760421918313,-0.001239503558258308,-0.00016054154148871738,0.0004548301444029405,9.584263606911728e-05,-0.02186316434708957,-0.00019074553382863858,-0.023220319319829423,-0.010710272923807518,0.004401658069624721,0.0007282335438072754,-0.004450738571526309,Kyrgyzstan,Osh,2024
0.006969776048737077,0.002306078129835101,0.0014039522728563558,-2.73805944053632e-05,0.003056289320876356,0.0007679319396413034,0.007484624702169517,0.007602668255445589,0.002015845656589305,0.011531245034446231,0.04101012209902664,0.027917296113688667,0.014509501189203937,0.0009594937234638361,-0.0003197422801444229,0.009634900921431091,0.035023737239152974,0.008194368077719005,0.03943345200474571,0.010193875964199975,0.005673076129022776,0.0011573986227801755,0.005716655109948185,Tajikistan,Isfara,2016
0.006980184953699126,0.0021823990271268258,0.0013473840520536221,-2.2368452754133785e-05,0.002852428793299636,0.0007640064786846278,0.007352677959488931,0.007500208793675446,0.002147402412253663,0.010889327709031844,0.04052136932483514,0.026655891807920346,0.014498631670941486,0.0010057465588925619,-0.00031546429964740617,0.009502582855821791,0.035868702636686324,0.00767166385531732,0.03856076880460668,0.007652798221018284,0.006942446230107022,0.0011159312571865396,0.0057413862508359234,Tajikistan,Isfara,2017
0.0067929623926249166,0.00036154392133611903,0.001408980072540828,-0.0004393107062784338,0.0029739007971459975,0.0008160895567495057,0.007361829236335748,0.007606084299903907,0.0019786584920744705,0.010007215710372861,0.039879403023863155,0.026946238165295917,0.013950843655390567,0.0009347751493362977,-0.0002875225745353901,0.008999922522463592,0.0360241840109148,0.006979847757277916,0.038057684346172974,0.009308248518382403,0.005161869836075965,0.0011438341024975012,0.005471994469501607,Tajikistan,Isfara,2018
0.006439676814141751,0.0007342113372438322,0.0009554931741095323,-0.00040346857322231513,0.0023328424102004733,0.0005342113763670341,0.006585435787515066,0.00715611582522592,0.001778364832731584,0.007084430822167675,0.029147986919781037,0.018117006359961954,0.012295140214808655,0.0005784593045959277,-0.00035211431989722714,0.007961182188976882,0.032537147373081804,0.0007655769435892467,0.030336859059479852,0.0026190162418470828,0.004364889206253303,0.001049907293696687,0.004997026107126163,Tajikistan,Isfara,2019
0.005635352401789637,0.0007159891828448971,0.00022338735006403708,-0.000481041752139637,0.0021023108918322045,0.000513767094142682,0.0064227429817678375,0.007005504371098901,0.0015953085276026488,0.006776193129809737,0.029457690395217343,0.017067772350250997,0.011799924441358842,0.0004898673674732625,-0.00042550451231030035,0.007652769379085456,0.030839482510101997,0.000786189654600356,0.0284083860695116,0.0026459721384676925,0.005997134147483693,0.0010740390854102706,0.004993160340014852,Tajikistan,Isfara,2020
0.0063091993712980346,0.0027254492390802886,0.0009998926096366314,-0.00042664684463942257,0.0022129381810286446,0.0004648243755984366,0.006406187773372121,0.0069939875848907705,0.0016665844166892218,0.0055569116469832425,0.02985737469757209,0.01707180972635733,0.012448121158349212,0.0005275785204337718,-0.00040549387739244563,0.008094018395483278,0.031139353188662285,-0.0004476540734334442,0.02855728608804235,0.002662108308039387,0.005697454384176855,0.001049907293696687,0.00501511086337368,Tajikistan,Isfara,2021
0.006620488572964602,0.0007348064325190039,0.0008147296445516934,-0.0001550393502907164,-0.003500458107643153,0.0007175555494021315,0.006310417165646572,0.006796821849971318,0.0015513034777560161,0.001442120643685677,0.027946867678621257,0.01723007659031798,0.013190770123937242,0.0005475855384450217,-0.00038219387769729274,0.008199386215557674,0.031741691069320205,-0.004426716916969814,0.02860195882046282,0.0028523608633645127,0.0028494889403767884,0.00103411231645637,0.004967605295204906,Tajikistan,Isfara,2022
0.005868744236553144,-0.00013223371688435368,0.00083063427518228,-0.0002066445288362581,-0.000552251156565018,0.0006790572786384877,0.005998437144104883,0.006628564887273579,0.001296784342856748,-0.003830061670217591,0.02710047159156262,0.012649278092028328,0.012676746509979355,0.0005327386303031041,-0.0004119080879250055,0.007774687453189445,0.03165784623652094,-0.0060028287525247855,0.02598253552994626,0.002616321232856245,0.0026053143705550646,0.0010218974845374203,0.004649931427713514,Tajikistan,Isfara,2023
0.005720875201287275,0.0002033882971372854,0.0009451768215830553,-0.00021806374800440378,-0.0038586645593782095,0.0010212404852022608,0.005817000854623535,0.006210675851760854,0.0014161583998723959,-0.004633456090887726,0.026437632010407247,0.011047441810339688,0.01222926965844288,0.00061020693324438,-0.00047799911052658756,0.007958881426886234,0.021442396807220213,-0.00447065506001686,0.02132615089415877,0.0024620404204508425,0.002772386830098079,0.0010642856308614886,0.004477777681657117,Tajikistan,Isfara,2024
0.006825334243773052,0.0023360719824708884,0.0013964891523365803,-0.0003249042188412302,0.0036282158506341917,0.00022965442549531903,0.0074125201159829625,0.007322299227531234,0.0012426453308024298,0.010990783549830758,0.03891732257773338,0.027615481931658623,0.013735175649988942,0.0023957543852060103,0.0006451648841547103,0.009501788579701787,0.0349718399027478,0.008027353952230743,0.038462917363389366,0.009979048014367853,0.0053901072544699355,0.0011589677534820247,0.005723956090635412,Tajikistan,Khujand,2016
0.00672116673214155,0.0022964451825161353,0.0013866067731713415,0.00016216448639301277,0.0033129636075950246,-0.00011047926438678303,0.007231190024093431,0.007165484606270727,0.0012860514613207362,0.008116706425217392,0.03787160939418037,0.02666889114051065,0.013778857526198401,0.0023055940297772677,0.0006119939662414489,0.009375643382880113,0.035418424780864,0.007540609060446779,0.037325807168894935,0.007342979186627004,0.006679548908086213,0.0011151093073100127,0.005666557948229339,Tajikistan,Khujand,2017
0.006662201366731118,0.0002368035026919846,0.0013073768895451694,0.00011334958860825255,0.003400363115716016,-0.0002796666110739435,0.007291387153304805,0.007270834868052361,0.0011232214799846857,0.007601215066952818,0.03755344252886384,0.026786548875607052,0.013285589737953669,0.002250796592271605,0.0006105408711763337,0.009343425461838379,0.03579225487028179,0.006834062463560329,0.03723423884077455,0.009087681939868194,0.005010948770913068,0.0011406886240774862,0.0054584607431145075,Tajikistan,Khujand,2018
0.0062330572229194175,0.0007750964008704925,0.001099236132195428,0.00015255294722001526,0.0032304194642102323,-0.00028153090060625016,0.006738406392895563,0.006896902111124046,0.000996270830072239,0.006065068753057155,0.028789006953818475,0.01834684933591748,0.012095404758951604,0.0022019565743961445,0.0006586935156984501,0.008696842615066844,0.03250710244452401,0.0008915800177799055,0.030266643318939506,0.002832166605828374,0.004345677864483161,0.0010669152312351867,0.005011018761276172,Tajikistan,Khujand,2019
0.0055830915010867295,0.0008611122383470051,0.0011002802389358747,-5.554398502083147e-06,0.003079693585984587,-8.255342672904177e-05,0.0065234181349613585,0.006728023273655305,0.0009170876222989479,0.0056069468661971225,0.028643572489196405,0.017578133253119167,0.011788699177409453,0.002163439198913534,0.0006740404799921914,0.008412829031737434,0.03113042994868302,0.0008851924312699405,0.02828023329011487,0.0027499185437856793,0.00593397033192624,0.0010842151297242293,0.005017763305516811,Tajikistan,Khujand,2020
0.006213861351819856,0.002781687611724496,0.0011857708843277658,0.00021221474132527014,0.0032604939048536566,0.0007226157072267235,0.006591325424832285,0.006714365687892221,0.0009797222078499893,0.0014632708489222754,0.02920833718509428,0.01792273578925193,0.01290958104427769,0.002234364066027787,0.000654411776126396,0.008332450231419401,0.03190841398013386,-0.000318127848199477,0.028637475697233128,0.002876167373913745,0.005760480248292671,0.0010723382922608726,0.005187566680285613,Tajikistan,Khujand,2021
0.006272383262813976,0.0007953594868123431,0.0004786146493086186,0.00011423851260369152,-0.0006198082826104725,0.0002412989506536087,0.006299838222220697,0.006512243843381199,0.0009154088369527043,-0.0036519446833986466,0.028231116135727714,0.017504407889943986,0.013074815847991434,0.0021339196148169306,0.000608901493083812,0.008712187956420784,0.032284957509389464,-0.004367215964068627,0.028378200362150243,0.003001835940089391,0.0029290389941194063,0.001046409931162938,0.004967810724733407,Tajikistan,Khujand,2022
0.005662730120776454,-0.0002068037758830942,0.0005921053091506516,0.00010044569760186866,0.0022205157514083493,0.0008086488749727384,0.0060734200258031916,0.006256695706979043,0.0006870075428081037,-0.005665159806133556,0.026968928250951242,0.012031477295253497,0.01085035507199789,0.002243642683588858,0.0006734938080771514,0.0077741565436067975,0.030822370836213912,-0.0058310214440098615,0.025445959795290296,0.002635551014143711,0.0025373164788949024,0.001034473752716495,0.004755382162009178,Tajikistan,Khujand,2023
0.005586223638625073,0.0002126040465261559,0.000612045144800925,0.0001635074366012019,-0.0030964978124636247,0.0010296839032508998,0.005855818770651317,0.005640859915193056,0.0007940321437280356,-0.005661740916103882,0.025318339547296065,0.011022967292929363,0.010286958868175903,0.002249899319051496,0.0007772728180009952,0.008065862920730214,0.02143462706371485,-0.004422029243108269,0.020666218463965828,0.002593929236632568,0.002753300196948645,0.0011362320285140896,0.004548653845024353,Tajikistan,Khujand,2024
0.006916338756946858,0.002411305292301459,0.0015211075733741412,0.0002539283823995911,0.0035157037474851808,0.0008682710437429823,0.00829894918175771,0.0075222931948952096,0.002118586758473921,0.011477918155952737,0.040357629213750246,0.02774911292955307,0.014651248629041352,0.00130809633006799,-0.00012283288050376573,0.009646397549969815,0.035159587234918174,0.008234578271597584,0.03907701128473952,0.010147456981968657,0.005674573045764687,0.001172071346578955,0.005715206087766591,Tajikistan,Konibodom,2016
0.006927833012730148,0.0023386178142082463,0.0014651736696269773,0.00024887085077992545,0.003209382418793845,0.0008202411216610985,0.008153515086589921,0.007433407562654449,0.0022001365468911345,0.011264508510025731,0.03962787696673195,0.02674881271108286,0.014787314954972205,0.001317572382434118,-0.0001807126935828679,0.009607462736604172,0.035860898889885244,0.007731333582270011,0.03812400530288782,0.007644288111972353,0.006939358154238295,0.0011306039809853197,0.005736931837802459,Tajikistan,Konibodom,2017
0.006805373934254801,0.00040155534757206504,0.001412020251426108,0.00016597296388685048,0.003342010584468699,0.0006949723728250392,0.008185162952518369,0.00751133781497527,0.0020117465322636668,0.01056681807573187,0.038933733415146235,0.02680203980966237,0.014346129102359308,0.0012659095344664665,-0.0003024615599015012,0.00921709285321424,0.036144727820997764,0.006931353058536609,0.03772776059485477,0.009279035070768013,0.005281256537874747,0.0011582072223060888,0.0055295541388911615,Tajikistan,Konibodom,2018
0.006476973287118357,0.0007470249393560733,0.0011259315172292706,0.00030130539240134696,0.0032428935129344156,0.0006588149081953754,0.007622250105799218,0.007083794490715017,0.0019267730856949632,0.009587126655259686,0.029100733255437918,0.018573873868570248,0.012848984711420928,0.0011415312779938555,-0.0002238799354914373,0.008501141209081117,0.03306215301924006,0.0007491771831498548,0.030532657529496316,0.002575603320251373,0.004628499136378127,0.0010895506741994525,0.005079846837204741,Tajikistan,Konibodom,2019
0.005599103229353471,0.0007802572229533159,0.0010942097444472355,4.83891986197727e-05,0.00296536745535873,0.0006445146605330076,0.0073342386356452065,0.006890295783922207,0.0018278041297866852,0.006953593530277944,0.02817645535447999,0.017275867050682014,0.012429709156036797,0.0010621745491026186,-0.0002900590387500526,0.007981908216149872,0.031204926469145758,0.0007678098564402262,0.028133723929272304,0.0025956164824713344,0.0060443457559879775,0.0011005466081860083,0.005041762310898639,Tajikistan,Konibodom,2020
0.006333229825542611,0.002754760111526815,0.0010329399850176624,0.00032072728003139036,0.0030877061219896484,0.000491951719440607,0.007377348073142052,0.0069220217864285035,0.001858407007713942,0.006739880964983057,0.028643665477040732,0.01757858277738788,0.01312434149608572,0.0010867205486169466,-0.0002708372352731562,0.008556826156180516,0.03156553777834529,-0.00039723500266856764,0.028349756474451402,0.002597903494421755,0.005732449851562468,0.0010764148164724248,0.005076158284135708,Tajikistan,Konibodom,2021
0.0063955355741210935,0.0007063136038438598,0.0010545687900860472,0.00015618108659811274,-0.002006108165110156,0.0005598447973773094,0.007198713159489734,0.006770308668873751,0.0017739437800165564,0.0048880191274758645,0.02755946339410275,0.016847356890583372,0.013504880679794948,0.0009717568195389037,-0.00015914903295322663,0.008310420865980876,0.031386654152978186,-0.004603524398570295,0.028020683662227635,0.0027454365340187424,0.002848511489717879,0.001048361901606352,0.004874094455667142,Tajikistan,Konibodom,2022
0.005787144199130519,-0.0001646755638146454,0.0007480188002555266,-0.00013669593568884443,-0.00037483221327007686,0.0004986425198992727,0.006944664514809805,0.00662239937847079,0.001516817351752168,-0.0021822109439174567,0.026560054121859883,0.012223418746365426,0.013180216550309052,0.0009183778775166499,-0.00018701660226614147,0.007674045220674655,0.031267224822899446,-0.006141072474052211,0.02516587180631795,0.0025993185176491373,0.0025551528095283417,0.0010343578216971347,0.004681289690849843,Tajikistan,Konibodom,2023
0.005620670021605888,0.00026831599387640233,0.0007923880581858149,0.0002781312396773917,-0.0030743043372835244,0.000896499052863495,0.006606678196537153,0.00603965790196323,0.0015780932559709645,-0.00521960000766709,0.026277181840092187,0.011120375775370863,0.012800377162755913,0.0010467648149117567,-0.00021376036376835361,0.00794161064902503,0.0217958042617449,-0.004540939886397663,0.020819848253020898,0.0024931877448308238,0.002677468391579793,0.0010824905098827276,0.0044693222190083535,Tajikistan,Konibodom,2024
0.006908937930459505,0.002528755700310871,0.0009163165233332277,0.00031705822654355415,-0.0018577624040886792,0.0016337973218204537,0.004819385728517381,0.006722366412044981,-0.0009839369118246392,-0.0014609658425549248,-0.0029114120216740505,-0.013556363328250746,-0.0008575781727260854,0.0016097712489664155,0.0010105666227829082,0.0003618881792681499,0.03376800251195549,0.008818658921589327,0.023302250479258622,0.012505962945593078,0.004539506557539545,0.0016448093373948474,0.0030157763777385145,Uzbekistan,Andijan,2016
0.006594918964222282,0.002229470403511964,-0.0021536091147775034,0.0004915143305449209,-0.0017347688896432467,-0.0012005879072584328,0.004483605502305399,0.006216765348591858,-0.0013474572258439922,-0.003721309068625546,-0.008708670385092696,0.007134845146448555,-0.0017787621611341598,0.0006909357355718208,0.001156366002668551,-0.0005726517558711665,0.026711824742146537,0.007611501437940664,0.01905049076574119,0.011027500316163586,0.0044224527268856,0.0018539184815266686,0.0027340482528581847,Uzbekistan,Andijan,2017
0.0063498013542772945,0.0004915200792117801,-0.0015390572060102212,0.00025878398287103673,-0.0013239625142632656,-0.001161507042480793,0.004442026202529292,0.00601218069251546,-0.001267256303952879,-0.004450509458480983,-0.011099715952898284,0.007521907474147359,-0.0019413470968385376,0.0005354048682909808,0.0009392472320369532,-0.0001637207575791332,0.024140307079679513,0.0045510116361957035,0.015975584762219004,0.011148347414984664,0.001102460248034691,0.001887035136338829,0.002623940288639798,Uzbekistan,Andijan,2018
0.006254926759367506,-0.0001993284705678808,-0.0019165461877891554,-0.0009137835646245939,-0.0013309325682517082,-0.0012350371850161578,0.0040601529381606724,0.00575696466577986,-0.0015846307407483971,-0.003931778885777087,-0.01330960189868276,0.007661501317632195,-0.0018755523572039931,0.0010369274943209045,0.001138819400677423,-0.0011015622620431384,0.021007561308289836,-0.003078939232690544,0.010621023998839667,0.01018770105314715,-0.002967355291520758,0.002027814408205934,0.0022564315853394862,Uzbekistan,Andijan,2019
0.005884991058693251,-0.0006634060253847809,-0.0015214799700506913,-0.0008397528010703724,-0.0019181365350997943,-0.0009521996033867279,0.004183273220653415,0.006107007688818033,-0.0014086657195025425,-0.002957085505800489,-0.009919484413916236,-0.0005749731736793247,-0.001761486715781006,0.0012952283120671866,0.0011223546761629398,-0.0008916396373104303,0.022348825956910047,-0.0028977850007403695,0.004808114116234336,0.01089158987721505,-0.003253238867582658,0.0017803524340451054,0.0022492413759151626,Uzbekistan,Andijan,2020
0.0058431132492693365,0.0015650585362279334,-0.0004896184208818822,-0.00019870499825893096,-0.0022288580867494603,-0.00011980941740238279,0.005050236031868753,0.005445813654400951,-0.0012344065612734036,-0.0027567034611598864,-0.010710144881239015,-0.016299423965397724,-0.001542864873680446,0.002000973063475024,0.0006563064099971573,0.0005436059461439779,-0.026536559329902176,-0.0031076112996964497,-0.016176284103266783,-0.00016267314864970282,-0.0048937542550891045,-0.0027839825512110607,0.0017743997284804206,Uzbekistan,Andijan,2021
0.004525822732779348,0.002071665883878572,-0.000534038471529527,-7.803374429048827e-05,-0.0025986107647585147,-0.00022681836747418844,0.004950312342858741,0.005403224836146301,-0.0011752089896707773,-0.0026177119182187398,-0.012291856609735984,-0.015567908963481826,-0.0019914627449072074,0.0005955446833685154,0.0007501042062576456,-0.00014504081706809472,-0.02690488813342744,-0.0033515207757913,-0.023988358239448445,-0.0006146181143335533,-0.004755694561407159,-0.002784854571086662,0.0015803861245876263,Uzbekistan,Andijan,2022
0.005163470905324612,0.001941955059696057,-0.0007454030488765709,-0.00010814337043820515,-0.0017628488402577295,-0.00019493887209565797,0.0046716088077636084,0.005176372192593362,-0.001322351922442056,-0.000778354980551934,-0.014560563126749127,-0.013627051786719269,-0.002325760999031246,0.0003645553953933712,0.0005645654282155339,-0.0008296146693951169,-0.02636634750458513,-0.003432135955928006,-0.024379247727474157,-0.0005529990067297063,-0.005017743588073914,-0.0029928470461578513,0.0013193502718014667,Uzbekistan,Andijan,2023
0.004303008586347844,0.00119487804937141,-0.0009539180910331467,-0.0001362020810104842,-0.002079318135788411,-0.00020780872900037192,0.004648043958731138,0.005160289675618428,-0.0012876965291494283,-0.0007515551519313707,-0.014656478304602451,-0.013803264762504805,-0.0023187419830059458,0.00034223861594385405,0.0004515499274619587,-0.0007616305315409961,-0.02641828145299586,-0.0032884185025131144,-0.02453581146653858,-0.0006892442361691767,-0.004979642372036083,-0.0029620014869804106,0.0013228159155457314,Uzbekistan,Andijan,2024
0.006318720523138636,0.002594366758861166,0.0011592509494799715,0.00037957865359739234,0.0011728199427600747,0.0007174354236585273,0.004415008729119274,0.006473835772959445,-0.0016551508499868736,-0.0011525900933319964,-0.013535106759986522,-0.01350872597994954,-0.0016346268897039927,0.0005351689517998764,0.00024742549107524905,-0.0006147028147934115,0.03327668986787442,0.008229711760765493,0.022436375289113047,0.01250477663510768,0.0046190063119772844,0.0021731908262711008,0.0026473802265395687,Uzbekistan,Fergana,2016
0.006323321371819767,0.0021366749829490723,-0.0018139623363229538,0.0005923234581308466,0.0010567784447728286,-0.0006731056415404908,0.003758115078441159,0.00591884334455376,-0.0020208145731163705,-0.004576946978610879,-0.014505633756322337,0.007424494937653071,-0.003063782382627262,-0.0004235545355614849,-7.854047204972054e-05,-0.0010952513222993268,0.025698997649611914,0.007331759689582959,0.015796289385473877,0.011118368273460784,0.00439053192106115,0.0021314511216779363,0.0025268970519215046,Uzbekistan,Fergana,2017
0.005945355521135869,0.0004043554701002299,-0.0018833118386381183,0.0003444075044229859,0.0007506457854407427,-0.0009776430662517843,0.003800632629013548,0.005736284669524766,-0.0020690807245269628,-0.00589841638426604,-0.016229930242657068,0.007212619171466842,-0.0030095330936724847,-0.00038194212364049863,0.0006733079562205375,-0.0009141749813244827,0.02226647638015273,0.004440240363064916,0.011153243822415473,0.010917386611381617,0.0005600144975262846,0.0018915690742397648,0.002114304242343753,Uzbekistan,Fergana,2018
0.005842754298830527,-8.957178299081982e-05,-0.0019283845730543147,-0.0009096455580873488,0.0007945703207561136,-0.001149207123798392,0.003482911825189378,0.005412436635557474,-0.0023393795849760953,-0.005285177796492404,-0.019174705882423475,0.007314643173174612,-0.0026360457210134157,-0.00027477800581421065,-0.0006233805647874765,-0.0020065491432143027,0.019570648996089172,-0.0033194190082702158,0.003381846301512439,0.009792225932392267,-0.0030320670775692508,0.0020982699644369125,0.0018462592929011624,Uzbekistan,Fergana,2019
0.0058044165435180775,-0.00031038372183050055,-0.001225596593362635,-0.0006725283647496829,0.0009357707724639232,-0.0006371121295250731,0.003785734930747405,0.0057141189469734135,-0.001974384065308217,-0.0041072122366238315,-0.013815558915023498,-0.0004366929082782217,-0.0019436156428078882,0.00043380462024111935,-0.00035536434445827293,-0.0016101806329211316,0.02067774292974456,-0.003289304273639727,-0.01691326788355519,0.01089634168681034,-0.0028135301459064114,0.0019755809146557836,0.002381460079807835,Uzbekistan,Fergana,2020
0.005569799997861213,0.001709468451325042,-0.0005170623198327646,-0.00022385100704818732,0.0012240871645984464,-0.0003476583398629203,0.0045097255993271565,0.005188817637488241,-0.001756313856762907,-0.0022977635285556124,-0.015351378852485126,-0.016747517932914086,-0.00250612184088128,0.0015439373480235098,3.325996004198397e-05,-0.0005228000359404635,-0.026185861395577593,-0.002847520629156673,-0.02335852272716643,-0.00028275238491899587,-0.005103102057700208,-0.0029716312028739496,0.0017047802690004909,Uzbekistan,Fergana,2021
0.004471689307215543,0.002061326506578514,-0.0008695712995656338,-0.00030109861011437604,-0.002155762069531585,-0.00017078845528543593,0.0043870146166730736,0.005094146839703864,-0.0017029285242956861,-0.002950675132354614,-0.016048266971033925,-0.01589477657188452,-0.0025763617263307214,0.0015038733688428532,7.191588272179042e-05,-0.0006086631845355414,-0.02703025341611319,-0.0035716820007211255,-0.024781929961388796,-0.00055922630479538,-0.005033097783270079,-0.0031214756165549493,0.0014489012785537936,Uzbekistan,Fergana,2022
0.00474701581294513,0.0018731373687201425,-0.0011814647137434076,-0.00022669518545151795,-0.0014099242052668022,-0.000333862229070166,0.004136791466533717,0.0048521931270445445,-0.0018531397516752225,-0.002799782511556841,-0.018941649897410786,-0.01408783524635995,-0.002586822447516397,0.0010458426824305398,0.0002940174551615511,-0.001572717073910517,-0.025798526044030812,-0.0033995095847195052,-0.02462222390154862,-0.0005208874402033471,-0.005160094257401174,-0.003118464325530964,0.0011232379962819385,Uzbekistan,Fergana,2023
0.00399030958120887,0.0011366952436400602,-0.001482022047825887,-0.00020204044400441975,-0.002284942816264775,-0.00034664361037195095,0.004262979669869687,0.004809409613109451,-0.001848668158121609,-0.0027238809575323842,-0.018346787769139138,-0.014356763267599387,-0.0023384579564607036,0.0006707833135433342,0.000368236102391482,-0.0012240822104303865,-0.02586460227781848,-0.003248764960269676,-0.024899300860386612,-0.0007800200083524189,-0.005048359775826582,-0.0031254216834538284,0.0011277493079824433,Uzbekistan,Fergana,2024
0.006275751442424754,0.002680133071939668,-3.7882109223347395e-05,0.00025000406872315305,0.0014891100935908702,-0.00011473717746467366,0.004257820798058568,0.006062866927749587,-0.002209646284041059,-0.001942364918075609,-0.019592864581514272,-0.013880940697326573,-0.0011833207205088894,0.00010055057436941023,-0.0008307725686444396,0.0003407145412150605,0.032568457366641206,0.00828830984761555,0.0224042909699766,0.01239284537627254,0.003826240257250231,0.002098355917137629,0.002364997232160318,Uzbekistan,Namangan,2016
0.006297663982624936,0.0021840035385994236,-0.001775272142802384,0.00040472471742436934,0.0013802958403006326,-0.0005822729501441955,0.003686872284075349,0.005762740311599771,-0.002575922815465113,-0.00440646131883824,-0.020483875620993113,0.007133873570908789,-0.00822660563232054,-0.001625574688037999,-0.0007752480930816256,-0.001646383837314395,0.025723748965227323,0.007093498798662496,0.01894651565476418,0.010582656074067989,0.0035004105073594667,0.0019635899879602826,0.002389370954837021,Uzbekistan,Namangan,2017
0.005678517785915754,0.0004471697848168472,0.0006895400876937823,0.000561673285181547,0.0011182868406138893,-0.0010429895061719082,0.0034162846492649264,0.005375424902328108,-0.0025960299514687607,-0.005915380855092566,-0.019758114342467527,0.007127406646154162,-0.0025572611685496316,-0.0015513856788535862,-0.0008593109833983476,-0.001226101921960535,0.02284038818754472,0.004480315335926585,0.016806090890648637,0.010549302132562386,7.492522028025739e-05,0.0019204967933800108,0.002126869566409845,Uzbekistan,Namangan,2018
0.005822805853027219,-0.00017857319232841108,-0.0019241805275745085,-0.0009080488536357223,0.001332145327651739,-0.0009132683956533691,0.0032525592021627955,0.005220295007609829,-0.002923781409514666,-0.005831822610784596,-0.01984524910623612,0.007191134009827662,-0.002397046010019193,-0.0010951971253318734,-0.0009028240002896283,-0.001732774957678984,0.019792096253167007,-0.0032288695853791008,0.011486304026129197,0.00979528199920194,-0.0033886108667756133,0.002131132369817007,0.0018329064668488613,Uzbekistan,Namangan,2019
0.005954916711467613,-0.0007433649591425812,-0.0020779612282953944,-0.0009391944971905747,0.0014529072077176617,-0.0009804531955287606,0.003420347146562461,0.005371321276001795,-0.002494572651068498,-0.004524845243255935,-0.019016751539440928,-0.0007097008763134332,-0.0020353703461799106,-0.0005705720361905711,-0.0009348451755446004,-0.0010074446291589766,0.02066871881735638,-0.0029810078470779077,0.005530910880692172,0.010834591182591658,-0.003861973800898842,0.0019569862524885543,0.001819655808544611,Uzbekistan,Namangan,2020
0.005538049439705586,0.0014966271607141052,-0.0014404831900561707,-0.0003423348317413003,0.0021030796841187216,-0.0003295788546030863,0.004006904416521511,0.004423556035808134,-0.0024799873867891297,-0.002573331352135152,-0.01946095446418824,-0.016062578883728713,-0.002010703227483293,0.00041214370500905847,-0.0006141476889224036,0.0001689945667745834,-0.026011272164754184,-0.0031725262246572825,-0.01454997610075273,-0.0005605876821466599,-0.005604665905682857,-0.0030859457122190508,0.0015620453045609019,Uzbekistan,Namangan,2021
0.004375843312726106,0.0020566188415914377,-0.0011360614294002418,-0.00021885902740635186,-0.0016402333065357127,-0.00033644880175236447,0.003775855348448107,0.0044852959272271955,-0.002399593268185265,-0.003045126435320732,-0.019549569771466404,-0.015512232480735928,-0.002377841248960758,8.0585372862534e-05,-0.0007228439206561721,-0.00030584017203396307,-0.02697837084474422,-0.004100093246425716,-0.022529350632055283,-0.0006376725614821664,-0.005264977704476534,-0.0032569810873381406,0.0013227321862362973,Uzbekistan,Namangan,2022
0.004798061442662083,0.0017910502937462042,-0.00048594891109395716,-0.00033137654064419525,0.0011973955095428805,-0.00017870269066899984,0.0036497214285190266,0.0043293076726816145,-0.002533356692459716,-0.0031255321095541503,-0.020101713640094485,-0.014410140687716256,-0.0027334520550034037,-0.0003166204934635917,-0.00068045403188058,-0.0017412680758649276,-0.02669154489623569,-0.0036257819978106356,-0.025101124420481038,-0.000703032242168275,-0.005649175942100061,-0.003239092581497259,0.0011226031474688,Uzbekistan,Namangan,2023
0.004057387067263408,0.001041912528100576,-0.00041972479571668873,2.2643554786020333e-05,-0.00201561639225537,-0.0002275812459335979,0.0036167759414409387,0.004059831638629944,-0.0024899729035457977,-0.0031639228232373095,-0.019404093972872287,-0.014543719472619622,-0.0025017980842612112,-0.00044585832112982503,-0.0006542523568601229,-0.0015183530313504215,-0.02650128620382503,-0.0036571830061627865,-0.025484888185512537,-0.0009258022142673651,-0.005362561608764975,-0.0032521996141859147,0.0011853541659701426,Uzbekistan,Namangan,2024
